city1,city2
"Miami, FL (Metropolitan Area)","New York City, NY (Metropolitan Area)"
"Los Angeles, CA (Metropolitan Area)","San Francisco, CA (Metropolitan Area)"
"Los Angeles, CA (Metropolitan Area)","New York City, NY (Metropolitan Area)"
"New York City, NY (Metropolitan Area)","Orlando, FL"
"Chicago, IL","New York City, NY (Metropolitan Area)"
"New York City, NY (Metropolitan Area)","San Francisco, CA (Metropolitan Area)"
"Atlanta, GA (Metropolitan Area)","New York City, NY (Metropolitan Area)"
"Los Angeles, CA (Metropolitan Area)","Seattle, WA"
"New York City, NY (Metropolitan Area)","West Palm Beach/Palm Beach, FL"
"Boston, MA (Metropolitan Area)","Washington, DC (Metropolitan Area)"
"Las Vegas, NV","Los Angeles, CA (Metropolitan Area)"
"Dallas/Fort Worth, TX","Los Angeles, CA (Metropolitan Area)"
"Chicago, IL","Los Angeles, CA (Metropolitan Area)"
"San Diego, CA","San Francisco, CA (Metropolitan Area)"
"Dallas/Fort Worth, TX","New York City, NY (Metropolitan Area)"
"Miami, FL (Metropolitan Area)","Washington, DC (Metropolitan Area)"
"San Francisco, CA (Metropolitan Area)","Seattle, WA"
"New York City, NY (Metropolitan Area)","Tampa, FL (Metropolitan Area)"
"Orlando, FL","Washington, DC (Metropolitan Area)"
"Las Vegas, NV","San Francisco, CA (Metropolitan Area)"
"Chicago, IL","Washington, DC (Metropolitan Area)"
"Los Angeles, CA (Metropolitan Area)","Washington, DC (Metropolitan Area)"
"Denver, CO","Los Angeles, CA (Metropolitan Area)"
"Boston, MA (Metropolitan Area)","Orlando, FL"
"Atlanta, GA (Metropolitan Area)","Washington, DC (Metropolitan Area)"
"Los Angeles, CA (Metropolitan Area)","Phoenix, AZ"
"Los Angeles, CA (Metropolitan Area)","Sacramento, CA"
"Las Vegas, NV","New York City, NY (Metropolitan Area)"
"Houston, TX","New York City, NY (Metropolitan Area)"
"Atlanta, GA (Metropolitan Area)","Miami, FL (Metropolitan Area)"
"Chicago, IL","Orlando, FL"
"Chicago, IL","Dallas/Fort Worth, TX"
"Boston, MA (Metropolitan Area)","Miami, FL (Metropolitan Area)"
"Boston, MA (Metropolitan Area)","Chicago, IL"
"Chicago, IL","Miami, FL (Metropolitan Area)"
"Chicago, IL","San Francisco, CA (Metropolitan Area)"
"Dallas/Fort Worth, TX","Washington, DC (Metropolitan Area)"
"Houston, TX","Los Angeles, CA (Metropolitan Area)"
"Denver, CO","New York City, NY (Metropolitan Area)"
"Charlotte, NC","New York City, NY (Metropolitan Area)"
"Los Angeles, CA (Metropolitan Area)","Portland, OR"
"Atlanta, GA (Metropolitan Area)","Chicago, IL"
"Boston, MA (Metropolitan Area)","Los Angeles, CA (Metropolitan Area)"
"Boston, MA (Metropolitan Area)","San Francisco, CA (Metropolitan Area)"
"San Francisco, CA (Metropolitan Area)","Washington, DC (Metropolitan Area)"
"Los Angeles, CA (Metropolitan Area)","Miami, FL (Metropolitan Area)"
"Chicago, IL","Phoenix, AZ"
"Chicago, IL","Denver, CO"
"Phoenix, AZ","San Francisco, CA (Metropolitan Area)"
"Chicago, IL","Las Vegas, NV"
"Atlanta, GA (Metropolitan Area)","Los Angeles, CA (Metropolitan Area)"
"New York City, NY (Metropolitan Area)","Raleigh/Durham, NC"
"Orlando, FL","Philadelphia, PA"
"Nashville, TN","New York City, NY (Metropolitan Area)"
"Atlanta, GA (Metropolitan Area)","Dallas/Fort Worth, TX"
"New York City, NY (Metropolitan Area)","Phoenix, AZ"
"Denver, CO","San Francisco, CA (Metropolitan Area)"
"Dallas/Fort Worth, TX","Orlando, FL"
"Boston, MA (Metropolitan Area)","New York City, NY (Metropolitan Area)"
"Denver, CO","Washington, DC (Metropolitan Area)"
"New York City, NY (Metropolitan Area)","Seattle, WA"
"Chicago, IL","Houston, TX"
"Dallas/Fort Worth, TX","Denver, CO"
"Houston, TX","Washington, DC (Metropolitan Area)"
"Detroit, MI","New York City, NY (Metropolitan Area)"
"Los Angeles, CA (Metropolitan Area)","Salt Lake City, UT"
"Denver, CO","Phoenix, AZ"
"Dallas/Fort Worth, TX","Las Vegas, NV"
"Dallas/Fort Worth, TX","San Francisco, CA (Metropolitan Area)"
"Phoenix, AZ","Seattle, WA"
"Fort Myers, FL","New York City, NY (Metropolitan Area)"
"Dallas/Fort Worth, TX","Miami, FL (Metropolitan Area)"
"Los Angeles, CA (Metropolitan Area)","Orlando, FL"
"Miami, FL (Metropolitan Area)","Philadelphia, PA"
"Tampa, FL (Metropolitan Area)","Washington, DC (Metropolitan Area)"
"Atlanta, GA (Metropolitan Area)","Boston, MA (Metropolitan Area)"
"Austin, TX","New York City, NY (Metropolitan Area)"
"Las Vegas, NV","Seattle, WA"
"New York City, NY (Metropolitan Area)","San Diego, CA"
"Boston, MA (Metropolitan Area)","Tampa, FL (Metropolitan Area)"
"Portland, OR","San Francisco, CA (Metropolitan Area)"
"Dallas/Fort Worth, TX","Phoenix, AZ"
"Houston, TX","Miami, FL (Metropolitan Area)"
"Chicago, IL","Tampa, FL (Metropolitan Area)"
"Austin, TX","Los Angeles, CA (Metropolitan Area)"
"Atlanta, GA (Metropolitan Area)","Houston, TX"
"Chicago, IL","Philadelphia, PA"
"Denver, CO","Las Vegas, NV"
"Detroit, MI","Orlando, FL"
"Chicago, IL","Seattle, WA"
"Minneapolis/St. Paul, MN","New York City, NY (Metropolitan Area)"
"Las Vegas, NV","Washington, DC (Metropolitan Area)"
"New York City, NY (Metropolitan Area)","Washington, DC (Metropolitan Area)"
"Detroit, MI","Miami, FL (Metropolitan Area)"
"Boston, MA (Metropolitan Area)","Denver, CO"
"San Diego, CA","Seattle, WA"
"Boston, MA (Metropolitan Area)","Dallas/Fort Worth, TX"
"Atlanta, GA (Metropolitan Area)","Orlando, FL"
"Dallas/Fort Worth, TX","Seattle, WA"
"Denver, CO","Seattle, WA"
"Denver, CO","Houston, TX"
"Atlanta, GA (Metropolitan Area)","Philadelphia, PA"
"New Orleans, LA","New York City, NY (Metropolitan Area)"
"Seattle, WA","Washington, DC (Metropolitan Area)"
"Houston, TX","Orlando, FL"
"Houston, TX","Las Vegas, NV"
"Sacramento, CA","San Diego, CA"
"Denver, CO","Minneapolis/St. Paul, MN"
"Los Angeles, CA (Metropolitan Area)","Philadelphia, PA"
"Chicago, IL","Minneapolis/St. Paul, MN"
"Los Angeles, CA (Metropolitan Area)","Nashville, TN"
"Charleston, SC","New York City, NY (Metropolitan Area)"
"Minneapolis/St. Paul, MN","Phoenix, AZ"
"Phoenix, AZ","Washington, DC (Metropolitan Area)"
"Denver, CO","Orlando, FL"
"Atlanta, GA (Metropolitan Area)","Las Vegas, NV"
"Boston, MA (Metropolitan Area)","Fort Myers, FL"
"Austin, TX","San Francisco, CA (Metropolitan Area)"
"Atlanta, GA (Metropolitan Area)","Denver, CO"
"Minneapolis/St. Paul, MN","Washington, DC (Metropolitan Area)"
"Boston, MA (Metropolitan Area)","Philadelphia, PA"
"Nashville, TN","Washington, DC (Metropolitan Area)"
"Atlanta, GA (Metropolitan Area)","San Francisco, CA (Metropolitan Area)"
"Miami, FL (Metropolitan Area)","San Francisco, CA (Metropolitan Area)"
"Los Angeles, CA (Metropolitan Area)","Minneapolis/St. Paul, MN"
"Minneapolis/St. Paul, MN","Orlando, FL"
"Boston, MA (Metropolitan Area)","Raleigh/Durham, NC"
"Austin, TX","Chicago, IL"
"Las Vegas, NV","Miami, FL (Metropolitan Area)"
"Las Vegas, NV","Minneapolis/St. Paul, MN"
"San Diego, CA","Washington, DC (Metropolitan Area)"
"Chicago, IL","Fort Myers, FL"
"Jacksonville, FL","New York City, NY (Metropolitan Area)"
"Phoenix, AZ","Portland, OR"
"Dallas/Fort Worth, TX","Houston, TX"
"Detroit, MI","Los Angeles, CA (Metropolitan Area)"
"Denver, CO","San Diego, CA"
"Detroit, MI","Washington, DC (Metropolitan Area)"
"Houston, TX","San Francisco, CA (Metropolitan Area)"
"Chicago, IL","San Diego, CA"
"Salt Lake City, UT","San Francisco, CA (Metropolitan Area)"
"Chicago, IL","Nashville, TN"
"Las Vegas, NV","Sacramento, CA"
"Boston, MA (Metropolitan Area)","West Palm Beach/Palm Beach, FL"
"Boston, MA (Metropolitan Area)","Seattle, WA"
"Boston, MA (Metropolitan Area)","Las Vegas, NV"
"Philadelphia, PA","Tampa, FL (Metropolitan Area)"
"Dallas/Fort Worth, TX","San Diego, CA"
"Boston, MA (Metropolitan Area)","Nashville, TN"
"Detroit, MI","Las Vegas, NV"
"Atlanta, GA (Metropolitan Area)","Detroit, MI"
"Las Vegas, NV","Portland, OR"
"Las Vegas, NV","San Diego, CA"
"Las Vegas, NV","Phoenix, AZ"
"Boston, MA (Metropolitan Area)","Phoenix, AZ"
"Denver, CO","Miami, FL (Metropolitan Area)"
"Dallas/Fort Worth, TX","Philadelphia, PA"
"Austin, TX","Denver, CO"
"Indianapolis, IN","New York City, NY (Metropolitan Area)"
"Charlotte, NC","Washington, DC (Metropolitan Area)"
"Miami, FL (Metropolitan Area)","Raleigh/Durham, NC"
"Charlotte, NC","Chicago, IL"
"Atlanta, GA (Metropolitan Area)","Tampa, FL (Metropolitan Area)"
"New York City, NY (Metropolitan Area)","Salt Lake City, UT"
"Buffalo, NY","New York City, NY (Metropolitan Area)"
"Cleveland, OH (Metropolitan Area)","Orlando, FL"
"Charlotte, NC","Miami, FL (Metropolitan Area)"
"Dallas/Fort Worth, TX","Tampa, FL (Metropolitan Area)"
"New Orleans, LA","Washington, DC (Metropolitan Area)"
"New York City, NY (Metropolitan Area)","St. Louis, MO"
"Boston, MA (Metropolitan Area)","Charlotte, NC"
"New York City, NY (Metropolitan Area)","Pittsburgh, PA"
"Phoenix, AZ","Salt Lake City, UT"
"Dallas/Fort Worth, TX","Nashville, TN"
"Columbus, OH","New York City, NY (Metropolitan Area)"
"Boston, MA (Metropolitan Area)","San Diego, CA"
"Boston, MA (Metropolitan Area)","Houston, TX"
"Houston, TX","Phoenix, AZ"
"Denver, CO","Salt Lake City, UT"
"Dallas/Fort Worth, TX","Detroit, MI"
"Austin, TX","Washington, DC (Metropolitan Area)"
"Hartford, CT","Orlando, FL"
"Philadelphia, PA","San Francisco, CA (Metropolitan Area)"
"Cleveland, OH (Metropolitan Area)","New York City, NY (Metropolitan Area)"
"Denver, CO","Philadelphia, PA"
"Miami, FL (Metropolitan Area)","Nashville, TN"
"Minneapolis/St. Paul, MN","San Francisco, CA (Metropolitan Area)"
"Orlando, FL","San Francisco, CA (Metropolitan Area)"
"Atlanta, GA (Metropolitan Area)","Seattle, WA"
"Las Vegas, NV","Philadelphia, PA"
"Phoenix, AZ","San Diego, CA"
"Charlotte, NC","Dallas/Fort Worth, TX"
"Dallas/Fort Worth, TX","Minneapolis/St. Paul, MN"
"Atlanta, GA (Metropolitan Area)","Phoenix, AZ"
"Austin, TX","Las Vegas, NV"
"Nashville, TN","Orlando, FL"
"Detroit, MI","Tampa, FL (Metropolitan Area)"
"Charlotte, NC","Los Angeles, CA (Metropolitan Area)"
"Orlando, FL","Raleigh/Durham, NC"
"Denver, CO","Tampa, FL (Metropolitan Area)"
"Sacramento, CA","Seattle, WA"
"Boston, MA (Metropolitan Area)","Detroit, MI"
"Chicago, IL","Raleigh/Durham, NC"
"Cincinnati, OH","New York City, NY (Metropolitan Area)"
"Indianapolis, IN","Orlando, FL"
"St. Louis, MO","Washington, DC (Metropolitan Area)"
"Detroit, MI","Phoenix, AZ"
"Denver, CO","Portland, OR"
"Boston, MA (Metropolitan Area)","Minneapolis/St. Paul, MN"
"Dallas/Fort Worth, TX","Salt Lake City, UT"
"Los Angeles, CA (Metropolitan Area)","New Orleans, LA"
"Washington, DC (Metropolitan Area)","West Palm Beach/Palm Beach, FL"
"Chicago, IL","New Orleans, LA"
"Salt Lake City, UT","Seattle, WA"
"Orlando, FL","Seattle, WA"
"New York City, NY (Metropolitan Area)","Savannah, GA"
"Minneapolis/St. Paul, MN","Seattle, WA"
"Jacksonville, FL","Washington, DC (Metropolitan Area)"
"Orlando, FL","Pittsburgh, PA"
"Las Vegas, NV","Orlando, FL"
"New York City, NY (Metropolitan Area)","Portland, OR"
"Denver, CO","Detroit, MI"
"Denver, CO","Nashville, TN"
"Houston, TX","Seattle, WA"
"Los Angeles, CA (Metropolitan Area)","San Antonio, TX"
"Detroit, MI","Houston, TX"
"Austin, TX","Boston, MA (Metropolitan Area)"
"Orlando, FL","Phoenix, AZ"
"Dallas/Fort Worth, TX","New Orleans, LA"
"Miami, FL (Metropolitan Area)","Phoenix, AZ"
"Cincinnati, OH","Orlando, FL"
"Charlotte, NC","Orlando, FL"
"Atlanta, GA (Metropolitan Area)","Minneapolis/St. Paul, MN"
"New York City, NY (Metropolitan Area)","Sarasota/Bradenton, FL"
"Orlando, FL","St. Louis, MO"
"Miami, FL (Metropolitan Area)","Seattle, WA"
"Fort Myers, FL","Minneapolis/St. Paul, MN"
"Las Vegas, NV","Reno, NV"
"Los Angeles, CA (Metropolitan Area)","Reno, NV"
"Chicago, IL","Kansas City, MO"
"Boston, MA (Metropolitan Area)","Charleston, SC"
"San Antonio, TX","Washington, DC (Metropolitan Area)"
"Miami, FL (Metropolitan Area)","Minneapolis/St. Paul, MN"
"Charleston, SC","Washington, DC (Metropolitan Area)"
"Austin, TX","Orlando, FL"
"Houston, TX","Philadelphia, PA"
"Atlanta, GA (Metropolitan Area)","Austin, TX"
"Detroit, MI","San Francisco, CA (Metropolitan Area)"
"Portland, OR","San Diego, CA"
"Buffalo, NY","Orlando, FL"
"Chicago, IL","Portland, OR"
"Myrtle Beach, SC","New York City, NY (Metropolitan Area)"
"Salt Lake City, UT","Washington, DC (Metropolitan Area)"
"Nashville, TN","Philadelphia, PA"
"Austin, TX","Miami, FL (Metropolitan Area)"
"Houston, TX","New Orleans, LA"
"Dallas/Fort Worth, TX","Kansas City, MO"
"Austin, TX","Seattle, WA"
"Kansas City, MO","Los Angeles, CA (Metropolitan Area)"
"Dallas/Fort Worth, TX","Raleigh/Durham, NC"
"Boise, ID","Los Angeles, CA (Metropolitan Area)"
"Phoenix, AZ","Sacramento, CA"
"Philadelphia, PA","Phoenix, AZ"
"Indianapolis, IN","Washington, DC (Metropolitan Area)"
"Columbus, OH","Orlando, FL"
"Dallas/Fort Worth, TX","St. Louis, MO"
"Los Angeles, CA (Metropolitan Area)","Tampa, FL (Metropolitan Area)"
"Austin, TX","Phoenix, AZ"
"Las Vegas, NV","Salt Lake City, UT"
"Denver, CO","Kansas City, MO"
"Cleveland, OH (Metropolitan Area)","Miami, FL (Metropolitan Area)"
"Charlotte, NC","Philadelphia, PA"
"Minneapolis/St. Paul, MN","Tampa, FL (Metropolitan Area)"
"Miami, FL (Metropolitan Area)","New Orleans, LA"
"Kansas City, MO","Washington, DC (Metropolitan Area)"
"Los Angeles, CA (Metropolitan Area)","Raleigh/Durham, NC"
"Los Angeles, CA (Metropolitan Area)","St. Louis, MO"
"Charlotte, NC","Denver, CO"
"Kansas City, MO","New York City, NY (Metropolitan Area)"
"Houston, TX","Tampa, FL (Metropolitan Area)"
"Houston, TX","Nashville, TN"
"Denver, CO","St. Louis, MO"
"Detroit, MI","Fort Myers, FL"
"Fort Myers, FL","Washington, DC (Metropolitan Area)"
"Orlando, FL","Salt Lake City, UT"
"Salt Lake City, UT","San Diego, CA"
"Raleigh/Durham, NC","Washington, DC (Metropolitan Area)"
"Dallas/Fort Worth, TX","San Antonio, TX"
"Boston, MA (Metropolitan Area)","Pittsburgh, PA"
"Indianapolis, IN","Miami, FL (Metropolitan Area)"
"Kansas City, MO","Orlando, FL"
"New Orleans, LA","Orlando, FL"
"Cincinnati, OH","Miami, FL (Metropolitan Area)"
"Las Vegas, NV","Tampa, FL (Metropolitan Area)"
"Nashville, TN","Tampa, FL (Metropolitan Area)"
"Dallas/Fort Worth, TX","Indianapolis, IN"
"Charlotte, NC","Houston, TX"
"Las Vegas, NV","San Antonio, TX"
"Atlanta, GA (Metropolitan Area)","San Diego, CA"
"Cleveland, OH (Metropolitan Area)","Tampa, FL (Metropolitan Area)"
"Chicago, IL","Detroit, MI"
"Denver, CO","Indianapolis, IN"
"Charlotte, NC","Las Vegas, NV"
"Chicago, IL","Cleveland, OH (Metropolitan Area)"
"Indianapolis, IN","Los Angeles, CA (Metropolitan Area)"
"Atlanta, GA (Metropolitan Area)","Raleigh/Durham, NC"
"Dallas/Fort Worth, TX","Portland, OR"
"Boston, MA (Metropolitan Area)","Jacksonville, FL"
"New York City, NY (Metropolitan Area)","San Antonio, TX"
"Atlanta, GA (Metropolitan Area)","Cleveland, OH (Metropolitan Area)"
"Philadelphia, PA","West Palm Beach/Palm Beach, FL"
"Miami, FL (Metropolitan Area)","Pittsburgh, PA"
"Nashville, TN","Phoenix, AZ"
"Nashville, TN","San Francisco, CA (Metropolitan Area)"
"Minneapolis/St. Paul, MN","Nashville, TN"
"Austin, TX","Nashville, TN"
"Boston, MA (Metropolitan Area)","New Orleans, LA"
"Columbus, OH","Miami, FL (Metropolitan Area)"
"Nashville, TN","Seattle, WA"
"Chicago, IL","Salt Lake City, UT"
"Austin, TX","San Diego, CA"
"Atlanta, GA (Metropolitan Area)","New Orleans, LA"
"Minneapolis/St. Paul, MN","San Diego, CA"
"Houston, TX","San Diego, CA"
"Las Vegas, NV","Nashville, TN"
"Hartford, CT","Miami, FL (Metropolitan Area)"
"Cleveland, OH (Metropolitan Area)","Las Vegas, NV"
"Milwaukee, WI","Orlando, FL"
"Raleigh/Durham, NC","San Francisco, CA (Metropolitan Area)"
"Palm Springs, CA","San Francisco, CA (Metropolitan Area)"
"Chicago, IL","Columbus, OH"
"Cleveland, OH (Metropolitan Area)","Los Angeles, CA (Metropolitan Area)"
"Boise, ID","Seattle, WA"
"Boston, MA (Metropolitan Area)","Salt Lake City, UT"
"Houston, TX","Minneapolis/St. Paul, MN"
"Denver, CO","Sacramento, CA"
"Albuquerque, NM","Los Angeles, CA (Metropolitan Area)"
"Indianapolis, IN","Las Vegas, NV"
"Denver, CO","San Antonio, TX"
"Fort Myers, FL","Philadelphia, PA"
"New York City, NY (Metropolitan Area)","Sacramento, CA"
"Charlotte, NC","Phoenix, AZ"
"Cleveland, OH (Metropolitan Area)","Fort Myers, FL"
"Kansas City, MO","Phoenix, AZ"
"Portland, OR","Washington, DC (Metropolitan Area)"
"Detroit, MI","Minneapolis/St. Paul, MN"
"New York City, NY (Metropolitan Area)","Richmond, VA"
"Chicago, IL","Pittsburgh, PA"
"Denver, CO","Raleigh/Durham, NC"
"Las Vegas, NV","St. Louis, MO"
"Indianapolis, IN","Tampa, FL (Metropolitan Area)"
"Detroit, MI","Seattle, WA"
"Columbus, OH","Washington, DC (Metropolitan Area)"
"Atlanta, GA (Metropolitan Area)","St. Louis, MO"
"Orlando, FL","Richmond, VA"
"Detroit, MI","Nashville, TN"
"Dallas/Fort Worth, TX","El Paso, TX"
"Portland, OR","Sacramento, CA"
"Pittsburgh, PA","Tampa, FL (Metropolitan Area)"
"Orlando, FL","San Diego, CA"
"Charlotte, NC","Minneapolis/St. Paul, MN"
"Chicago, IL","San Antonio, TX"
"Philadelphia, PA","Seattle, WA"
"Minneapolis/St. Paul, MN","Portland, OR"
"Charlotte, NC","Detroit, MI"
"Portland, OR","Salt Lake City, UT"
"New York City, NY (Metropolitan Area)","Norfolk, VA (Metropolitan Area)"
"Hartford, CT","Washington, DC (Metropolitan Area)"
"Philadelphia, PA","Raleigh/Durham, NC"
"Cleveland, OH (Metropolitan Area)","Dallas/Fort Worth, TX"
"Philadelphia, PA","San Diego, CA"
"Atlanta, GA (Metropolitan Area)","West Palm Beach/Palm Beach, FL"
"Charlotte, NC","San Francisco, CA (Metropolitan Area)"
"Charlotte, NC","Tampa, FL (Metropolitan Area)"
"Miami, FL (Metropolitan Area)","St. Louis, MO"
"Detroit, MI","Philadelphia, PA"
"Columbus, OH","Los Angeles, CA (Metropolitan Area)"
"Minneapolis/St. Paul, MN","Philadelphia, PA"
"Los Angeles, CA (Metropolitan Area)","Pittsburgh, PA"
"Raleigh/Durham, NC","Tampa, FL (Metropolitan Area)"
"Phoenix, AZ","St. Louis, MO"
"Atlanta, GA (Metropolitan Area)","Indianapolis, IN"
"Cincinnati, OH","Washington, DC (Metropolitan Area)"
"Houston, TX","Midland/Odessa, TX"
"Seattle, WA","Tampa, FL (Metropolitan Area)"
"Cincinnati, OH","Tampa, FL (Metropolitan Area)"
"Boston, MA (Metropolitan Area)","Savannah, GA"
"Los Angeles, CA (Metropolitan Area)","Spokane, WA"
"Sacramento, CA","Washington, DC (Metropolitan Area)"
"Kansas City, MO","Las Vegas, NV"
"Houston, TX","St. Louis, MO"
"Miami, FL (Metropolitan Area)","Tampa, FL (Metropolitan Area)"
"Miami, FL (Metropolitan Area)","San Diego, CA"
"Atlanta, GA (Metropolitan Area)","Pittsburgh, PA"
"Atlanta, GA (Metropolitan Area)","San Antonio, TX"
"Atlanta, GA (Metropolitan Area)","Columbus, OH"
"Atlanta, GA (Metropolitan Area)","Salt Lake City, UT"
"Boston, MA (Metropolitan Area)","Portland, OR"
"Atlanta, GA (Metropolitan Area)","Kansas City, MO"
"Boston, MA (Metropolitan Area)","Richmond, VA"
"Houston, TX","Salt Lake City, UT"
"Denver, CO","New Orleans, LA"
"Las Vegas, NV","Raleigh/Durham, NC"
"Dallas/Fort Worth, TX","Sacramento, CA"
"Albany, NY","Orlando, FL"
"Chicago, IL","St. Louis, MO"
"Miami, FL (Metropolitan Area)","Salt Lake City, UT"
"Milwaukee, WI","Washington, DC (Metropolitan Area)"
"Hartford, CT","Tampa, FL (Metropolitan Area)"
"Cleveland, OH (Metropolitan Area)","Denver, CO"
"Greenville/Spartanburg, SC","New York City, NY (Metropolitan Area)"
"Boston, MA (Metropolitan Area)","Myrtle Beach, SC"
"Orlando, FL","San Antonio, TX"
"New Orleans, LA","San Francisco, CA (Metropolitan Area)"
"Boston, MA (Metropolitan Area)","Cleveland, OH (Metropolitan Area)"
"Chicago, IL","Hartford, CT"
"Jacksonville, FL","Philadelphia, PA"
"Charlotte, NC","Nashville, TN"
"Greensboro/High Point, NC","New York City, NY (Metropolitan Area)"
"Louisville, KY","New York City, NY (Metropolitan Area)"
"Phoenix, AZ","Tampa, FL (Metropolitan Area)"
"Seattle, WA","Spokane, WA"
"Boise, ID","San Francisco, CA (Metropolitan Area)"
"Cincinnati, OH","Denver, CO"
"Milwaukee, WI","Phoenix, AZ"
"Omaha, NE","Phoenix, AZ"
"Columbus, OH","Dallas/Fort Worth, TX"
"Milwaukee, WI","New York City, NY (Metropolitan Area)"
"Chicago, IL","Jacksonville, FL"
"Indianapolis, IN","Phoenix, AZ"
"New York City, NY (Metropolitan Area)","Rochester, NY"
"Boston, MA (Metropolitan Area)","Sarasota/Bradenton, FL"
"Palm Springs, CA","Seattle, WA"
"Houston, TX","Kansas City, MO"
"Cincinnati, OH","Dallas/Fort Worth, TX"
"Savannah, GA","Washington, DC (Metropolitan Area)"
"San Francisco, CA (Metropolitan Area)","Tampa, FL (Metropolitan Area)"
"Los Angeles, CA (Metropolitan Area)","Santa Rosa, CA"
"Austin, TX","Philadelphia, PA"
"Las Vegas, NV","Pittsburgh, PA"
"Cleveland, OH (Metropolitan Area)","Washington, DC (Metropolitan Area)"
"Dallas/Fort Worth, TX","Pittsburgh, PA"
"Boston, MA (Metropolitan Area)","St. Louis, MO"
"Houston, TX","Raleigh/Durham, NC"
"Detroit, MI","San Diego, CA"
"Nashville, TN","Raleigh/Durham, NC"
"Charleston, SC","Chicago, IL"
"Cleveland, OH (Metropolitan Area)","Phoenix, AZ"
"Chicago, IL","West Palm Beach/Palm Beach, FL"
"Austin, TX","Dallas/Fort Worth, TX"
"Kansas City, MO","Miami, FL (Metropolitan Area)"
"Los Angeles, CA (Metropolitan Area)","Provo, UT"
"Raleigh/Durham, NC","Seattle, WA"
"Albuquerque, NM","Phoenix, AZ"
"Chicago, IL","Sacramento, CA"
"Atlanta, GA (Metropolitan Area)","Hartford, CT"
"Las Vegas, NV","Milwaukee, WI"
"Denver, CO","Milwaukee, WI"
"Boston, MA (Metropolitan Area)","Indianapolis, IN"
"Memphis, TN","New York City, NY (Metropolitan Area)"
"Boise, ID","Phoenix, AZ"
"Boston, MA (Metropolitan Area)","Columbus, OH"
"Louisville, KY","Washington, DC (Metropolitan Area)"
"El Paso, TX","Los Angeles, CA (Metropolitan Area)"
"New York City, NY (Metropolitan Area)","Portland, ME"
"Cincinnati, OH","Las Vegas, NV"
"Columbus, OH","Las Vegas, NV"
"Seattle, WA","St. Louis, MO"
"Portland, ME","Washington, DC (Metropolitan Area)"
"New Orleans, LA","Philadelphia, PA"
"Atlanta, GA (Metropolitan Area)","Portland, OR"
"Columbus, OH","Tampa, FL (Metropolitan Area)"
"Boston, MA (Metropolitan Area)","Cincinnati, OH"
"Phoenix, AZ","San Antonio, TX"
"Dallas/Fort Worth, TX","Jacksonville, FL"
"Cincinnati, OH","Los Angeles, CA (Metropolitan Area)"
"Miami, FL (Metropolitan Area)","Richmond, VA"
"Kansas City, MO","Seattle, WA"
"Charlotte, NC","Seattle, WA"
"Sarasota/Bradenton, FL","Washington, DC (Metropolitan Area)"
"Austin, TX","Minneapolis/St. Paul, MN"
"Houston, TX","Oklahoma City, OK"
"Charleston, SC","Philadelphia, PA"
"Indianapolis, IN","San Francisco, CA (Metropolitan Area)"
"Cleveland, OH (Metropolitan Area)","Houston, TX"
"Austin, TX","Detroit, MI"
"Buffalo, NY","Tampa, FL (Metropolitan Area)"
"New Orleans, LA","Seattle, WA"
"Houston, TX","Portland, OR"
"Minneapolis/St. Paul, MN","Raleigh/Durham, NC"
"San Francisco, CA (Metropolitan Area)","St. Louis, MO"
"Austin, TX","New Orleans, LA"
"Nashville, TN","San Diego, CA"
"Houston, TX","Pittsburgh, PA"
"Minneapolis/St. Paul, MN","Salt Lake City, UT"
"Orlando, FL","Syracuse, NY"
"Dallas/Fort Worth, TX","Memphis, TN"
"Buffalo, NY","Miami, FL (Metropolitan Area)"
"Los Angeles, CA (Metropolitan Area)","Tucson, AZ"
"Denver, CO","Oklahoma City, OK"
"Minneapolis/St. Paul, MN","St. Louis, MO"
"Denver, CO","Omaha, NE"
"Cleveland, OH (Metropolitan Area)","San Francisco, CA (Metropolitan Area)"
"Detroit, MI","Raleigh/Durham, NC"
"San Antonio, TX","Seattle, WA"
"Austin, TX","Tampa, FL (Metropolitan Area)"
"Chicago, IL","Memphis, TN"
"Albuquerque, NM","Las Vegas, NV"
"Houston, TX","Indianapolis, IN"
"Columbus, OH","Denver, CO"
"New York City, NY (Metropolitan Area)","Wilmington, NC"
"Orlando, FL","Portland, OR"
"Phoenix, AZ","Raleigh/Durham, NC"
"Denver, CO","Pittsburgh, PA"
"Miami, FL (Metropolitan Area)","San Antonio, TX"
"Atlanta, GA (Metropolitan Area)","Norfolk, VA (Metropolitan Area)"
"Austin, TX","Portland, OR"
"Chicago, IL","Savannah, GA"
"Atlanta, GA (Metropolitan Area)","Richmond, VA"
"Albuquerque, NM","Washington, DC (Metropolitan Area)"
"Las Vegas, NV","New Orleans, LA"
"Memphis, TN","Washington, DC (Metropolitan Area)"
"Chicago, IL","Sarasota/Bradenton, FL"
"Kansas City, MO","Tampa, FL (Metropolitan Area)"
"Atlanta, GA (Metropolitan Area)","Jacksonville, FL"
"Austin, TX","Salt Lake City, UT"
"Boston, MA (Metropolitan Area)","Norfolk, VA (Metropolitan Area)"
"Los Angeles, CA (Metropolitan Area)","Omaha, NE"
"Phoenix, AZ","Spokane, WA"
"Charlotte, NC","San Diego, CA"
"El Paso, TX","Houston, TX"
"Louisville, KY","Orlando, FL"
"Chicago, IL","Omaha, NE"
"Pittsburgh, PA","San Francisco, CA (Metropolitan Area)"
"Los Angeles, CA (Metropolitan Area)","Oklahoma City, OK"
"Columbus, OH","Phoenix, AZ"
"Denver, CO","Tucson, AZ"
"Phoenix, AZ","Reno, NV"
"Cincinnati, OH","Phoenix, AZ"
"Memphis, TN","Orlando, FL"
"Indianapolis, IN","Seattle, WA"
"Houston, TX","Memphis, TN"
"Birmingham, AL","Dallas/Fort Worth, TX"
"Atlanta, GA (Metropolitan Area)","Nashville, TN"
"Atlanta, GA (Metropolitan Area)","Fort Myers, FL"
"Albuquerque, NM","Dallas/Fort Worth, TX"
"Atlanta, GA (Metropolitan Area)","Cincinnati, OH"
"Eugene, OR","Los Angeles, CA (Metropolitan Area)"
"Chicago, IL","Cincinnati, OH"
"Boston, MA (Metropolitan Area)","Kansas City, MO"
"Austin, TX","Raleigh/Durham, NC"
"St. Louis, MO","Tampa, FL (Metropolitan Area)"
"Charleston, SC","Miami, FL (Metropolitan Area)"
"Fort Myers, FL","Hartford, CT"
"Kansas City, MO","San Francisco, CA (Metropolitan Area)"
"Cincinnati, OH","Fort Myers, FL"
"Los Angeles, CA (Metropolitan Area)","Memphis, TN"
"Dallas/Fort Worth, TX","Milwaukee, WI"
"Albuquerque, NM","San Francisco, CA (Metropolitan Area)"
"Knoxville, TN","New York City, NY (Metropolitan Area)"
"Houston, TX","Tulsa, OK"
"Boise, ID","Denver, CO"
"El Paso, TX","Las Vegas, NV"
"New York City, NY (Metropolitan Area)","Omaha, NE"
"Austin, TX","Charlotte, NC"
"Chicago, IL","Richmond, VA"
"Buffalo, NY","Washington, DC (Metropolitan Area)"
"Dallas/Fort Worth, TX","Louisville, KY"
"Atlantic City, NJ","Orlando, FL"
"Atlanta, GA (Metropolitan Area)","Milwaukee, WI"
"Dallas/Fort Worth, TX","Omaha, NE"
"Phoenix, AZ","Pittsburgh, PA"
"Dallas/Fort Worth, TX","Panama City, FL"
"Orlando, FL","Sacramento, CA"
"Albuquerque, NM","New York City, NY (Metropolitan Area)"
"Norfolk, VA (Metropolitan Area)","Orlando, FL"
"Hartford, CT","West Palm Beach/Palm Beach, FL"
"Cincinnati, OH","Houston, TX"
"Hartford, CT","Los Angeles, CA (Metropolitan Area)"
"New Orleans, LA","Tampa, FL (Metropolitan Area)"
"Chicago, IL","Norfolk, VA (Metropolitan Area)"
"Detroit, MI","New Orleans, LA"
"Omaha, NE","Washington, DC (Metropolitan Area)"
"Albany, NY","Miami, FL (Metropolitan Area)"
"New York City, NY (Metropolitan Area)","Oklahoma City, OK"
"Boise, ID","Las Vegas, NV"
"Boston, MA (Metropolitan Area)","Buffalo, NY"
"Everett, WA","Phoenix, AZ"
"Houston, TX","Sacramento, CA"
"New Haven, CT","Orlando, FL"
"Cincinnati, OH","Seattle, WA"
"San Antonio, TX","San Francisco, CA (Metropolitan Area)"
"Boston, MA (Metropolitan Area)","San Antonio, TX"
"Sacramento, CA","Salt Lake City, UT"
"Boston, MA (Metropolitan Area)","Milwaukee, WI"
"Boise, ID","Portland, OR"
"Greenville/Spartanburg, SC","Washington, DC (Metropolitan Area)"
"San Diego, CA","Tampa, FL (Metropolitan Area)"
"Columbus, OH","Houston, TX"
"Dallas/Fort Worth, TX","Pensacola, FL"
"Miami, FL (Metropolitan Area)","Norfolk, VA (Metropolitan Area)"
"Orlando, FL","Rochester, NY"
"Orlando, FL","Trenton, NJ"
"Nashville, TN","Salt Lake City, UT"
"Philadelphia, PA","St. Louis, MO"
"Charleston, SC","Dallas/Fort Worth, TX"
"Des Moines, IA","Phoenix, AZ"
"Philadelphia, PA","Savannah, GA"
"Dallas/Fort Worth, TX","Richmond, VA"
"Phoenix, AZ","Provo, UT"
"Reno, NV","Seattle, WA"
"Fort Myers, FL","Pittsburgh, PA"
"Grand Rapids, MI","New York City, NY (Metropolitan Area)"
"Oklahoma City, OK","Washington, DC (Metropolitan Area)"
"Nashville, TN","New Orleans, LA"
"Memphis, TN","Miami, FL (Metropolitan Area)"
"Denver, CO","Fort Myers, FL"
"Atlanta, GA (Metropolitan Area)","Buffalo, NY"
"Miami, FL (Metropolitan Area)","Orlando, FL"
"Nashville, TN","Sacramento, CA"
"Albuquerque, NM","Denver, CO"
"Columbus, OH","San Francisco, CA (Metropolitan Area)"
"San Francisco, CA (Metropolitan Area)","Spokane, WA"
"Dallas/Fort Worth, TX","Norfolk, VA (Metropolitan Area)"
"Seattle, WA","Tucson, AZ"
"Las Vegas, NV","Omaha, NE"
"Birmingham, AL","Washington, DC (Metropolitan Area)"
"Denver, CO","Reno, NV"
"Los Angeles, CA (Metropolitan Area)","Milwaukee, WI"
"Boise, ID","San Diego, CA"
"Fort Myers, FL","Indianapolis, IN"
"Denver, CO","Hartford, CT"
"Charlotte, NC","Cleveland, OH (Metropolitan Area)"
"Denver, CO","Jacksonville, FL"
"Albuquerque, NM","Seattle, WA"
"Louisville, KY","Miami, FL (Metropolitan Area)"
"Indianapolis, IN","Minneapolis/St. Paul, MN"
"Charlotte, NC","New Orleans, LA"
"Columbus, OH","Fort Myers, FL"
"Detroit, MI","Salt Lake City, UT"
"Columbus, OH","Seattle, WA"
"Dallas/Fort Worth, TX","Hartford, CT"
"Jacksonville, FL","Los Angeles, CA (Metropolitan Area)"
"Minneapolis/St. Paul, MN","New Orleans, LA"
"Buffalo, NY","Los Angeles, CA (Metropolitan Area)"
"Charlotte, NC","St. Louis, MO"
"Kansas City, MO","San Diego, CA"
"Atlanta, GA (Metropolitan Area)","Sacramento, CA"
"Miami, FL (Metropolitan Area)","Portland, OR"
"Philadelphia, PA","Salt Lake City, UT"
"Reno, NV","San Diego, CA"
"Columbus, OH","Minneapolis/St. Paul, MN"
"Kansas City, MO","Nashville, TN"
"Austin, TX","St. Louis, MO"
"Las Vegas, NV","Spokane, WA"
"Denver, CO","Pensacola, FL"
"Nashville, TN","Pittsburgh, PA"
"Colorado Springs, CO","Dallas/Fort Worth, TX"
"Chicago, IL","Knoxville, TN"
"Charlotte, NC","Salt Lake City, UT"
"Pittsburgh, PA","Seattle, WA"
"Huntsville, AL","Washington, DC (Metropolitan Area)"
"Los Angeles, CA (Metropolitan Area)","Louisville, KY"
"Cleveland, OH (Metropolitan Area)","Seattle, WA"
"Charlotte, NC","Hartford, CT"
"Denver, CO","Grand Rapids, MI"
"Boston, MA (Metropolitan Area)","Sacramento, CA"
"Dallas/Fort Worth, TX","Fort Myers, FL"
"Jacksonville, FL","Nashville, TN"
"Norfolk, VA (Metropolitan Area)","Tampa, FL (Metropolitan Area)"
"Detroit, MI","St. Louis, MO"
"Charlotte, NC","San Antonio, TX"
"Las Vegas, NV","Oklahoma City, OK"
"Fresno, CA","Las Vegas, NV"
"Omaha, NE","Orlando, FL"
"Austin, TX","Kansas City, MO"
"Raleigh/Durham, NC","San Diego, CA"
"Austin, TX","El Paso, TX"
"Austin, TX","Indianapolis, IN"
"Kansas City, MO","Philadelphia, PA"
"San Antonio, TX","San Diego, CA"
"Charlotte, NC","Kansas City, MO"
"New Orleans, LA","Phoenix, AZ"
"Portland, OR","Seattle, WA"
"Albany, NY","Washington, DC (Metropolitan Area)"
"Chicago, IL","Pensacola, FL"
"Boise, ID","Sacramento, CA"
"Indianapolis, IN","Philadelphia, PA"
"Asheville, NC","New York City, NY (Metropolitan Area)"
"Birmingham, AL","New York City, NY (Metropolitan Area)"
"Nashville, TN","Portland, OR"
"Los Angeles, CA (Metropolitan Area)","Norfolk, VA (Metropolitan Area)"
"Atlanta, GA (Metropolitan Area)","Charlotte, NC"
"Birmingham, AL","Orlando, FL"
"Myrtle Beach, SC","Washington, DC (Metropolitan Area)"
"Austin, TX","Sacramento, CA"
"Las Vegas, NV","Memphis, TN"
"Indianapolis, IN","San Diego, CA"
"Atlanta, GA (Metropolitan Area)","Memphis, TN"
"Oklahoma City, OK","Orlando, FL"
"Charleston, SC","Los Angeles, CA (Metropolitan Area)"
"Dallas/Fort Worth, TX","Savannah, GA"
"San Diego, CA","St. Louis, MO"
"Louisville, KY","Tampa, FL (Metropolitan Area)"
"Oklahoma City, OK","Phoenix, AZ"
"Albuquerque, NM","Chicago, IL"
"Minneapolis/St. Paul, MN","Valparaiso, FL"
"Fresno, CA","Seattle, WA"
"Denver, CO","Madison, WI"
"Charleston, SC","Denver, CO"
"Dallas/Fort Worth, TX","Valparaiso, FL"
"San Francisco, CA (Metropolitan Area)","Santa Barbara, CA"
"Milwaukee, WI","Tampa, FL (Metropolitan Area)"
"Fayetteville, AR","New York City, NY (Metropolitan Area)"
"Norfolk, VA (Metropolitan Area)","San Diego, CA"
"Pittsburgh, PA","Washington, DC (Metropolitan Area)"
"Dallas/Fort Worth, TX","Grand Rapids, MI"
"Hartford, CT","Las Vegas, NV"
"El Paso, TX","San Antonio, TX"
"Los Angeles, CA (Metropolitan Area)","Tulsa, OK"
"Allentown/Bethlehem/Easton, PA","Sanford, FL"
"Minneapolis/St. Paul, MN","San Antonio, TX"
"Detroit, MI","Kansas City, MO"
"Colorado Springs, CO","Phoenix, AZ"
"Buffalo, NY","Chicago, IL"
"Los Angeles, CA (Metropolitan Area)","Richmond, VA"
"Denver, CO","Tulsa, OK"
"Cleveland, OH (Metropolitan Area)","Nashville, TN"
"Charlotte, NC","Indianapolis, IN"
"Milwaukee, WI","Seattle, WA"
"Chicago, IL","Myrtle Beach, SC"
"Orlando, FL","Portland, ME"
"Salt Lake City, UT","Tampa, FL (Metropolitan Area)"
"Nashville, TN","San Antonio, TX"
"Grand Rapids, MI","Las Vegas, NV"
"San Francisco, CA (Metropolitan Area)","Tucson, AZ"
"Chicago, IL","Louisville, KY"
"Fort Myers, FL","St. Louis, MO"
"Eugene, OR","San Francisco, CA (Metropolitan Area)"
"Pensacola, FL","Washington, DC (Metropolitan Area)"
"Buffalo, NY","Dallas/Fort Worth, TX"
"Cincinnati, OH","Valparaiso, FL"
"Dallas/Fort Worth, TX","West Palm Beach/Palm Beach, FL"
"Detroit, MI","Myrtle Beach, SC"
"Chicago, IL","Oklahoma City, OK"
"Boston, MA (Metropolitan Area)","Wilmington, NC"
"New Orleans, LA","Raleigh/Durham, NC"
"Albany, NY","Chicago, IL"
"Chicago, IL","Tucson, AZ"
"Denver, CO","Des Moines, IA"
"Dallas/Fort Worth, TX","Midland/Odessa, TX"
"Denver, CO","Spokane, WA"
"Cincinnati, OH","San Francisco, CA (Metropolitan Area)"
"Bend/Redmond, OR","Los Angeles, CA (Metropolitan Area)"
"San Antonio, TX","Tampa, FL (Metropolitan Area)"
"Omaha, NE","Seattle, WA"
"Charleston, SC","Nashville, TN"
"Grand Rapids, MI","Tampa, FL (Metropolitan Area)"
"Miami, FL (Metropolitan Area)","Pensacola, FL"
"Fresno, CA","San Diego, CA"
"New York City, NY (Metropolitan Area)","Vero Beach, FL"
"Houston, TX","Jacksonville, FL"
"Madison, WI","New York City, NY (Metropolitan Area)"
"Albuquerque, NM","Houston, TX"
"Asheville, NC","Miami, FL (Metropolitan Area)"
"Dallas/Fort Worth, TX","Lubbock, TX"
"Knoxville, TN","Miami, FL (Metropolitan Area)"
"Kansas City, MO","Salt Lake City, UT"
"Knoxville, TN","Washington, DC (Metropolitan Area)"
"Cincinnati, OH","Minneapolis/St. Paul, MN"
"Detroit, MI","San Antonio, TX"
"Kansas City, MO","Minneapolis/St. Paul, MN"
"Des Moines, IA","New York City, NY (Metropolitan Area)"
"Atlanta, GA (Metropolitan Area)","Sarasota/Bradenton, FL"
"Oklahoma City, OK","Seattle, WA"
"Denver, CO","El Paso, TX"
"Birmingham, AL","Chicago, IL"
"San Diego, CA","Spokane, WA"
"Valparaiso, FL","Washington, DC (Metropolitan Area)"
"Jacksonville, FL","Las Vegas, NV"
"Grand Rapids, MI","Phoenix, AZ"
"Raleigh/Durham, NC","Salt Lake City, UT"
"Denver, CO","Richmond, VA"
"Dallas/Fort Worth, TX","Reno, NV"
"Milwaukee, WI","Nashville, TN"
"Chicago, IL","Greenville/Spartanburg, SC"
"Philadelphia, PA","Pittsburgh, PA"
"Cleveland, OH (Metropolitan Area)","Minneapolis/St. Paul, MN"
"Palm Springs, CA","Portland, OR"
"Miami, FL (Metropolitan Area)","Tallahassee, FL"
"Birmingham, AL","Houston, TX"
"Jacksonville, FL","Miami, FL (Metropolitan Area)"
"Philadelphia, PA","Portland, OR"
"Phoenix, AZ","Sioux Falls, SD"
"Buffalo, NY","Las Vegas, NV"
"Portland, OR","Spokane, WA"
"Birmingham, AL","Miami, FL (Metropolitan Area)"
"Dallas/Fort Worth, TX","Knoxville, TN"
"Los Angeles, CA (Metropolitan Area)","Medford, OR"
"Richmond, VA","Tampa, FL (Metropolitan Area)"
"Boise, ID","Spokane, WA"
"Salt Lake City, UT","St. Louis, MO"
"Grand Rapids, MI","Orlando, FL"
"Denver, CO","Memphis, TN"
"Hartford, CT","Minneapolis/St. Paul, MN"
"Miami, FL (Metropolitan Area)","Sacramento, CA"
"Buffalo, NY","Charlotte, NC"
"Houston, TX","Milwaukee, WI"
"New York City, NY (Metropolitan Area)","Palm Springs, CA"
"Fayetteville, AR","Los Angeles, CA (Metropolitan Area)"
"Key West, FL","New York City, NY (Metropolitan Area)"
"Atlanta, GA (Metropolitan Area)","Grand Rapids, MI"
"New York City, NY (Metropolitan Area)","Syracuse, NY"
"New Orleans, LA","San Diego, CA"
"Rochester, NY","Washington, DC (Metropolitan Area)"
"Bozeman, MT","Los Angeles, CA (Metropolitan Area)"
"Atlanta, GA (Metropolitan Area)","Oklahoma City, OK"
"Atlanta, GA (Metropolitan Area)","Omaha, NE"
"Atlanta, GA (Metropolitan Area)","Louisville, KY"
"Kansas City, MO","Portland, OR"
"El Paso, TX","Phoenix, AZ"
"Des Moines, IA","Las Vegas, NV"
"Detroit, MI","Portland, OR"
"Charleston, SC","Minneapolis/St. Paul, MN"
"Columbia, SC","New York City, NY (Metropolitan Area)"
"Houston, TX","Omaha, NE"
"Hartford, CT","Phoenix, AZ"
"Columbus, OH","Philadelphia, PA"
"Denver, CO","Norfolk, VA (Metropolitan Area)"
"Colorado Springs, CO","Washington, DC (Metropolitan Area)"
"Minneapolis/St. Paul, MN","Sacramento, CA"
"Charleston, SC","Seattle, WA"
"Houston, TX","Louisville, KY"
"Fort Myers, FL","Milwaukee, WI"
"Boston, MA (Metropolitan Area)","Louisville, KY"
"Bozeman, MT","New York City, NY (Metropolitan Area)"
"Detroit, MI","Jacksonville, FL"
"Columbia, SC","Washington, DC (Metropolitan Area)"
"Houston, TX","Norfolk, VA (Metropolitan Area)"
"Raleigh/Durham, NC","St. Louis, MO"
"Omaha, NE","San Francisco, CA (Metropolitan Area)"
"Charlotte, NC","West Palm Beach/Palm Beach, FL"
"Las Vegas, NV","Mission/McAllen/Edinburg, TX"
"Nashville, TN","Panama City, FL"
"Chicago, IL","El Paso, TX"
"Chicago, IL","Portland, ME"
"Colorado Springs, CO","Las Vegas, NV"
"Chicago, IL","Palm Springs, CA"
"Chicago, IL","Fayetteville, AR"
"Harlingen/San Benito, TX","Houston, TX"
"Des Moines, IA","Washington, DC (Metropolitan Area)"
"Denver, CO","Louisville, KY"
"Dallas/Fort Worth, TX","Tucson, AZ"
"Dallas/Fort Worth, TX","Greenville/Spartanburg, SC"
"Las Vegas, NV","Richmond, VA"
"Las Vegas, NV","Louisville, KY"
"Tucson, AZ","Washington, DC (Metropolitan Area)"
"Cedar Rapids/Iowa City, IA","Denver, CO"
"Everett, WA","Las Vegas, NV"
"Albuquerque, NM","Austin, TX"
"Bozeman, MT","Seattle, WA"
"Grand Rapids, MI","Los Angeles, CA (Metropolitan Area)"
"Miami, FL (Metropolitan Area)","New Haven, CT"
"Charleston, SC","Houston, TX"
"Charlotte, NC","Fort Myers, FL"
"Cleveland, OH (Metropolitan Area)","Sarasota/Bradenton, FL"
"Pittsburgh, PA","Sarasota/Bradenton, FL"
"Reno, NV","San Francisco, CA (Metropolitan Area)"
"Denver, CO","Savannah, GA"
"Albany, NY","Tampa, FL (Metropolitan Area)"
"Hartford, CT","San Francisco, CA (Metropolitan Area)"
"Boise, ID","Dallas/Fort Worth, TX"
"Myrtle Beach, SC","Philadelphia, PA"
"Syracuse, NY","Tampa, FL (Metropolitan Area)"
"Miami, FL (Metropolitan Area)","Milwaukee, WI"
"Fargo, ND","Phoenix, AZ"
"San Antonio, TX","St. Louis, MO"
"Salt Lake City, UT","San Antonio, TX"
"Buffalo, NY","Denver, CO"
"Columbus, OH","Sarasota/Bradenton, FL"
"Dallas/Fort Worth, TX","Fresno, CA"
"Chicago, IL","Syracuse, NY"
"El Paso, TX","Washington, DC (Metropolitan Area)"
"New Haven, CT","Tampa, FL (Metropolitan Area)"
"Denver, CO","Knoxville, TN"
"Miami, FL (Metropolitan Area)","Rochester, NY"
"Des Moines, IA","Los Angeles, CA (Metropolitan Area)"
"Fort Myers, FL","Houston, TX"
"Atlanta, GA (Metropolitan Area)","Charleston, SC"
"Grand Rapids, MI","Washington, DC (Metropolitan Area)"
"Grand Rapids, MI","Minneapolis/St. Paul, MN"
"Jacksonville, FL","Minneapolis/St. Paul, MN"
"Milwaukee, WI","Minneapolis/St. Paul, MN"
"New York City, NY (Metropolitan Area)","Tulsa, OK"
"Albuquerque, NM","San Diego, CA"
"Burlington, VT","Washington, DC (Metropolitan Area)"
"Chicago, IL","Greensboro/High Point, NC"
"Las Vegas, NV","Norfolk, VA (Metropolitan Area)"
"Fort Myers, FL","Nashville, TN"
"Jacksonville, FL","Norfolk, VA (Metropolitan Area)"
"Chicago, IL","Panama City, FL"
"Atlanta, GA (Metropolitan Area)","Syracuse, NY"
"Las Vegas, NV","Tucson, AZ"
"Pittsburgh, PA","Raleigh/Durham, NC"
"New York City, NY (Metropolitan Area)","Pensacola, FL"
"Houston, TX","Richmond, VA"
"Orlando, FL","Worcester, MA"
"Jacksonville, FL","Phoenix, AZ"
"Portland, OR","Tampa, FL (Metropolitan Area)"
"Sacramento, CA","Spokane, WA"
"New York City, NY (Metropolitan Area)","Reno, NV"
"Hartford, CT","Raleigh/Durham, NC"
"Amarillo, TX","Dallas/Fort Worth, TX"
"Dallas/Fort Worth, TX","Little Rock, AR"
"Philadelphia, PA","San Antonio, TX"
"Los Angeles, CA (Metropolitan Area)","West Palm Beach/Palm Beach, FL"
"Austin, TX","Pittsburgh, PA"
"Las Vegas, NV","Tulsa, OK"
"Cleveland, OH (Metropolitan Area)","Philadelphia, PA"
"Hartford, CT","Myrtle Beach, SC"
"Austin, TX","Columbus, OH"
"Fresno, CA","Phoenix, AZ"
"Cincinnati, OH","Philadelphia, PA"
"Minneapolis/St. Paul, MN","Sarasota/Bradenton, FL"
"Cedar Rapids/Iowa City, IA","Phoenix, AZ"
"Dayton, OH","Washington, DC (Metropolitan Area)"
"Charlotte, NC","Pittsburgh, PA"
"Austin, TX","Cincinnati, OH"
"Houston, TX","Panama City, FL"
"Portland, OR","Reno, NV"
"Chicago, IL","Harrisburg, PA"
"Memphis, TN","Phoenix, AZ"
"Detroit, MI","West Palm Beach/Palm Beach, FL"
"Boise, ID","Chicago, IL"
"Bozeman, MT","San Francisco, CA (Metropolitan Area)"
"Colorado Springs, CO","Los Angeles, CA (Metropolitan Area)"
"Cincinnati, OH","Salt Lake City, UT"
"Madison, WI","Washington, DC (Metropolitan Area)"
"Bozeman, MT","Denver, CO"
"Minneapolis/St. Paul, MN","Pittsburgh, PA"
"Atlantic City, NJ","Miami, FL (Metropolitan Area)"
"Charlotte, NC","Portland, OR"
"Dallas/Fort Worth, TX","Spokane, WA"
"Bend/Redmond, OR","San Francisco, CA (Metropolitan Area)"
"Fort Myers, FL","Los Angeles, CA (Metropolitan Area)"
"Los Angeles, CA (Metropolitan Area)","Pasco/Kennewick/Richland, WA"
"Pittsburgh, PA","San Diego, CA"
"Charleston, SC","Cleveland, OH (Metropolitan Area)"
"Charlotte, NC","Sacramento, CA"
"Orlando, FL","Tulsa, OK"
"Santa Barbara, CA","Seattle, WA"
"Chicago, IL","Rochester, NY"
"Chicago, IL","Tulsa, OK"
"Dallas/Fort Worth, TX","Tulsa, OK"
"Dallas/Fort Worth, TX","Greensboro/High Point, NC"
"Philadelphia, PA","Sarasota/Bradenton, FL"
"Austin, TX","Cleveland, OH (Metropolitan Area)"
"Dallas/Fort Worth, TX","Des Moines, IA"
"Birmingham, AL","Denver, CO"
"Jacksonville, FL","Seattle, WA"
"Cleveland, OH (Metropolitan Area)","San Diego, CA"
"Birmingham, AL","Los Angeles, CA (Metropolitan Area)"
"Los Angeles, CA (Metropolitan Area)","Savannah, GA"
"Buffalo, NY","Phoenix, AZ"
"Albany, NY","Atlanta, GA (Metropolitan Area)"
"Myrtle Beach, SC","Pittsburgh, PA"
"Cincinnati, OH","Sarasota/Bradenton, FL"
"Denver, CO","Santa Barbara, CA"
"Little Rock, AR","New York City, NY (Metropolitan Area)"
"Kansas City, MO","Raleigh/Durham, NC"
"Charlotte, NC","Milwaukee, WI"
"New Orleans, LA","St. Louis, MO"
"Denver, CO","Palm Springs, CA"
"Chicago, IL","Indianapolis, IN"
"Charleston, SC","Detroit, MI"
"Jackson/Vicksburg, MS","Washington, DC (Metropolitan Area)"
"Hartford, CT","Nashville, TN"
"Bozeman, MT","Chicago, IL"
"Everett, WA","Los Angeles, CA (Metropolitan Area)"
"Houston, TX","Lubbock, TX"
"Albuquerque, NM","Portland, OR"
"Huntsville, AL","Orlando, FL"
"Houston, TX","Knoxville, TN"
"Phoenix, AZ","Tulsa, OK"
"Minneapolis/St. Paul, MN","Savannah, GA"
"Cleveland, OH (Metropolitan Area)","St. Louis, MO"
"Chicago, IL","Des Moines, IA"
"Houston, TX","Little Rock, AR"
"Orlando, FL","Pensacola, FL"
"Houston, TX","Pensacola, FL"
"Boston, MA (Metropolitan Area)","Memphis, TN"
"Grand Rapids, MI","Sanford, FL"
"Houston, TX","Savannah, GA"
"Miami, FL (Metropolitan Area)","Omaha, NE"
"Eugene, OR","Phoenix, AZ"
"Rochester, NY","Tampa, FL (Metropolitan Area)"
"Charleston, SC","Pittsburgh, PA"
"Fort Myers, FL","Raleigh/Durham, NC"
"New Orleans, LA","Portland, OR"
"New York City, NY (Metropolitan Area)","Tucson, AZ"
"Minneapolis/St. Paul, MN","Palm Springs, CA"
"Grand Rapids, MI","Punta Gorda, FL"
"Eagle, CO","New York City, NY (Metropolitan Area)"
"Grand Rapids, MI","Miami, FL (Metropolitan Area)"
"Minneapolis/St. Paul, MN","Tucson, AZ"
"Harlingen/San Benito, TX","Minneapolis/St. Paul, MN"
"Flint, MI","Punta Gorda, FL"
"Madison, WI","Phoenix, AZ"
"Appleton, WI","Phoenix, AZ"
"Buffalo, NY","Fort Myers, FL"
"Flint, MI","Sanford, FL"
"Miami, FL (Metropolitan Area)","Syracuse, NY"
"Eagle, CO","Miami, FL (Metropolitan Area)"
"Dallas/Fort Worth, TX","Palm Springs, CA"
"Indianapolis, IN","Sarasota/Bradenton, FL"
"Minneapolis/St. Paul, MN","West Palm Beach/Palm Beach, FL"
"Aspen, CO","Los Angeles, CA (Metropolitan Area)"
"Jackson, WY","New York City, NY (Metropolitan Area)"
"New Orleans, LA","Salt Lake City, UT"
"New Haven, CT","West Palm Beach/Palm Beach, FL"
"Key West, FL","Washington, DC (Metropolitan Area)"
"Appleton, WI","Punta Gorda, FL"
"Boston, MA (Metropolitan Area)","Key West, FL"
"Appleton, WI","Sanford, FL"
"Bismarck/Mandan, ND","Phoenix, AZ"
"Denver, CO","West Palm Beach/Palm Beach, FL"
"Knoxville, TN","Sanford, FL"
"Fort Myers, FL","Madison, WI"
"Detroit, MI","Sarasota/Bradenton, FL"
"Aspen, CO","New York City, NY (Metropolitan Area)"
"Portland, OR","Tucson, AZ"
"Des Moines, IA","Miami, FL (Metropolitan Area)"
"Madison, WI","Orlando, FL"
"Fort Myers, FL","New Haven, CT"
"Fort Wayne, IN","Punta Gorda, FL"
"Fort Myers, FL","Grand Rapids, MI"
"Flint, MI","Tampa, FL (Metropolitan Area)"
"Kansas City, MO","New Orleans, LA"
"Palm Springs, CA","Washington, DC (Metropolitan Area)"
"Houston, TX","San Antonio, TX"
"Fort Myers, FL","Phoenix, AZ"
"Des Moines, IA","Orlando, FL"
"Pasco/Kennewick/Richland, WA","Phoenix, AZ"
"Key West, FL","Philadelphia, PA"
"Fort Myers, FL","Kansas City, MO"
"Fort Myers, FL","Las Vegas, NV"
"Burlington, VT","Orlando, FL"
"Knoxville, TN","Tampa, FL (Metropolitan Area)"
"Chicago, IL","Key West, FL"
"Palm Springs, CA","Sacramento, CA"
"Grand Rapids, MI","Sarasota/Bradenton, FL"
"Atlantic City, NJ","Fort Myers, FL"
"Phoenix, AZ","Richmond, VA"
"New Orleans, LA","San Antonio, TX"
"Birmingham, AL","Tampa, FL (Metropolitan Area)"
"Dallas/Fort Worth, TX","Sarasota/Bradenton, FL"
"Denver, CO","Sarasota/Bradenton, FL"
"Phoenix, AZ","Wichita, KS"
"Bozeman, MT","Phoenix, AZ"
"Cincinnati, OH","Punta Gorda, FL"
"Nashville, TN","Sarasota/Bradenton, FL"
"Boise, ID","Orlando, FL"
"Atlantic City, NJ","West Palm Beach/Palm Beach, FL"
"Flint, MI","Sarasota/Bradenton, FL"
"Boston, MA (Metropolitan Area)","Bozeman, MT"
"Cedar Rapids/Iowa City, IA","Punta Gorda, FL"
"Houston, TX","West Palm Beach/Palm Beach, FL"
"Albuquerque, NM","Orlando, FL"
"New York City, NY (Metropolitan Area)","Steamboat Springs, CO"
"Greenville/Spartanburg, SC","Miami, FL (Metropolitan Area)"
"Las Vegas, NV","Wichita, KS"
"Peoria, IL","Phoenix, AZ"
"Des Moines, IA","Punta Gorda, FL"
"Des Moines, IA","Tampa, FL (Metropolitan Area)"
"Appleton, WI","Tampa, FL (Metropolitan Area)"
"Austin, TX","Houston, TX"
"New Orleans, LA","Pittsburgh, PA"
"Pittsburgh, PA","Salt Lake City, UT"
"Miami, FL (Metropolitan Area)","Worcester, MA"
"Knoxville, TN","Las Vegas, NV"
"Atlanta, GA (Metropolitan Area)","Greensboro/High Point, NC"
"Louisville, KY","Phoenix, AZ"
"Indianapolis, IN","Punta Gorda, FL"
"Charlotte, NC","Memphis, TN"
"Jacksonville, FL","San Francisco, CA (Metropolitan Area)"
"Burlington, VT","New York City, NY (Metropolitan Area)"
"El Paso, TX","New York City, NY (Metropolitan Area)"
"Eureka/Arcata, CA","Los Angeles, CA (Metropolitan Area)"
"Syracuse, NY","Washington, DC (Metropolitan Area)"
"Charlottesville, VA","New York City, NY (Metropolitan Area)"
"San Diego, CA","Santa Rosa, CA"
"Indianapolis, IN","Raleigh/Durham, NC"
"Nashville, TN","Richmond, VA"
"Charlotte, NC","Cincinnati, OH"
"Albuquerque, NM","Atlanta, GA (Metropolitan Area)"
"Boston, MA (Metropolitan Area)","Greenville/Spartanburg, SC"
"Denver, CO","Fayetteville, AR"
"Hartford, CT","Houston, TX"
"Charlotte, NC","Columbus, OH"
"Buffalo, NY","Houston, TX"
"Bellingham, WA","Las Vegas, NV"
"Richmond, VA","San Francisco, CA (Metropolitan Area)"
"Indianapolis, IN","Salt Lake City, UT"
"Kansas City, MO","Sacramento, CA"
"Sacramento, CA","San Antonio, TX"
"Denver, CO","Little Rock, AR"
"Cleveland, OH (Metropolitan Area)","New Orleans, LA"
"Nantucket, MA","New York City, NY (Metropolitan Area)"
"Martha's Vineyard, MA","New York City, NY (Metropolitan Area)"
"Minneapolis/St. Paul, MN","Portland, ME"
"Bozeman, MT","Minneapolis/St. Paul, MN"
"Chicago, IL","Reno, NV"
"Kalispell, MT","Los Angeles, CA (Metropolitan Area)"
"Denver, CO","Syracuse, NY"
"Asheville, NC","Boston, MA (Metropolitan Area)"
"Bangor, ME","New York City, NY (Metropolitan Area)"
"Milwaukee, WI","Philadelphia, PA"
"Milwaukee, WI","San Francisco, CA (Metropolitan Area)"
"Buffalo, NY","Minneapolis/St. Paul, MN"
"Denver, CO","Portland, ME"
"Bend/Redmond, OR","Seattle, WA"
"Portland, OR","St. Louis, MO"
"Asheville, NC","Chicago, IL"
"Bozeman, MT","Dallas/Fort Worth, TX"
"Bozeman, MT","Washington, DC (Metropolitan Area)"
"Pensacola, FL","Philadelphia, PA"
"Buffalo, NY","San Francisco, CA (Metropolitan Area)"
"Cleveland, OH (Metropolitan Area)","Myrtle Beach, SC"
"Minneapolis/St. Paul, MN","Reno, NV"
"Boston, MA (Metropolitan Area)","Grand Rapids, MI"
"Albany, NY","Los Angeles, CA (Metropolitan Area)"
"Albany, NY","Denver, CO"
"Detroit, MI","Hartford, CT"
"Reno, NV","Washington, DC (Metropolitan Area)"
"Columbus, OH","San Diego, CA"
"Denver, CO","Missoula, MT"
"Minneapolis/St. Paul, MN","Spokane, WA"
"Atlanta, GA (Metropolitan Area)","Portland, ME"
"Asheville, NC","Tampa, FL (Metropolitan Area)"
"El Paso, TX","Orlando, FL"
"Little Rock, AR","Los Angeles, CA (Metropolitan Area)"
"Chicago, IL","Colorado Springs, CO"
"Cleveland, OH (Metropolitan Area)","Raleigh/Durham, NC"
"Dallas/Fort Worth, TX","Harlingen/San Benito, TX"
"Los Angeles, CA (Metropolitan Area)","Madison, WI"
"Asheville, NC","Denver, CO"
"Chicago, IL","Little Rock, AR"
"Boston, MA (Metropolitan Area)","Knoxville, TN"
"Denver, CO","Fargo, ND"
"Los Angeles, CA (Metropolitan Area)","Syracuse, NY"
"Norfolk, VA (Metropolitan Area)","Seattle, WA"
"Louisville, KY","San Francisco, CA (Metropolitan Area)"
"Atlanta, GA (Metropolitan Area)","Little Rock, AR"
"Omaha, NE","Tampa, FL (Metropolitan Area)"
"Minneapolis/St. Paul, MN","Myrtle Beach, SC"
"Tampa, FL (Metropolitan Area)","Trenton, NJ"
"Nashville, TN","Savannah, GA"
"Birmingham, AL","Las Vegas, NV"
"Little Rock, AR","Washington, DC (Metropolitan Area)"
"Hartford, CT","Jacksonville, FL"
"Sacramento, CA","St. Louis, MO"
"Kansas City, MO","San Antonio, TX"
"Charleston, SC","Las Vegas, NV"
"Allentown/Bethlehem/Easton, PA","Tampa, FL (Metropolitan Area)"
"Jacksonville, FL","San Diego, CA"
"Fort Myers, FL","Syracuse, NY"
"Trenton, NJ","West Palm Beach/Palm Beach, FL"
"Fort Myers, FL","Seattle, WA"
"Latrobe, PA","Orlando, FL"
"Charleston, SC","Tampa, FL (Metropolitan Area)"
"Sarasota/Bradenton, FL","St. Louis, MO"
"Fort Myers, FL","Trenton, NJ"
"Charleston, SC","Phoenix, AZ"
"Hartford, CT","Vero Beach, FL"
"Grand Rapids, MI","Houston, TX"
"New Haven, CT","Sarasota/Bradenton, FL"
"Salt Lake City, UT","Spokane, WA"
"Fort Myers, FL","San Francisco, CA (Metropolitan Area)"
"San Diego, CA","Tucson, AZ"
"Charlotte, NC","Jacksonville, FL"
"Miami, FL (Metropolitan Area)","Savannah, GA"
"Asheville, NC","Sanford, FL"
"New Haven, CT","Raleigh/Durham, NC"
"Las Vegas, NV","Santa Barbara, CA"
"Eugene, OR","Las Vegas, NV"
"Boston, MA (Metropolitan Area)","Rochester, NY"
"Denver, CO","Fresno, CA"
"El Paso, TX","San Francisco, CA (Metropolitan Area)"
"Colorado Springs, CO","Houston, TX"
"Des Moines, IA","Houston, TX"
"El Paso, TX","Seattle, WA"
"Everett, WA","San Francisco, CA (Metropolitan Area)"
"Chicago, IL","Fresno, CA"
"Bellingham, WA","San Francisco, CA (Metropolitan Area)"
"Santa Rosa, CA","Seattle, WA"
"Denver, CO","Sioux Falls, SD"
"Denver, CO","Eugene, OR"
"Burlington, VT","Chicago, IL"
"Albuquerque, NM","Boston, MA (Metropolitan Area)"
"Belleville, IL","Valparaiso, FL"
"Cincinnati, OH","Sanford, FL"
"Atlantic City, NJ","Tampa, FL (Metropolitan Area)"
"Atlanta, GA (Metropolitan Area)","Rochester, NY"
"Charleston, SC","Hartford, CT"
"New Orleans, LA","Richmond, VA"
"Las Vegas, NV","Sioux Falls, SD"
"Billings, MT","Phoenix, AZ"
"Boise, ID","Salt Lake City, UT"
"Houston, TX","Reno, NV"
"Harrisburg, PA","Sanford, FL"
"Houston, TX","Tucson, AZ"
"Minneapolis/St. Paul, MN","Punta Gorda, FL"
"Fargo, ND","Las Vegas, NV"
"Punta Gorda, FL","Rockford, IL"
"Memphis, TN","Tampa, FL (Metropolitan Area)"
"Atlanta, GA (Metropolitan Area)","Jackson/Vicksburg, MS"
"Raleigh/Durham, NC","San Antonio, TX"
"Jacksonville, FL","St. Louis, MO"
"Houston, TX","Jackson/Vicksburg, MS"
"El Paso, TX","Miami, FL (Metropolitan Area)"
"Medford, OR","Seattle, WA"
"Nashville, TN","St. Louis, MO"
"Atlantic City, NJ","Myrtle Beach, SC"
"Miami, FL (Metropolitan Area)","Myrtle Beach, SC"
"Atlanta, GA (Metropolitan Area)","Trenton, NJ"
"Bellingham, WA","Los Angeles, CA (Metropolitan Area)"
"Charlotte, NC","Syracuse, NY"
"Burlington, VT","Denver, CO"
"El Paso, TX","San Diego, CA"
"Columbus, OH","Nashville, TN"
"Denver, CO","Wichita, KS"
"Fort Myers, FL","Louisville, KY"
"Jackson, WY","Los Angeles, CA (Metropolitan Area)"
"Punta Gorda, FL","South Bend, IN"
"Salt Lake City, UT","Tucson, AZ"
"Portland, ME","Tampa, FL (Metropolitan Area)"
"Bozeman, MT","Las Vegas, NV"
"Fort Myers, FL","Portland, ME"
"Peoria, IL","Punta Gorda, FL"
"Reno, NV","Salt Lake City, UT"
"Bangor, ME","Tampa, FL (Metropolitan Area)"
"Cedar Rapids/Iowa City, IA","Tampa, FL (Metropolitan Area)"
"Fort Wayne, IN","Tampa, FL (Metropolitan Area)"
"Miami, FL (Metropolitan Area)","Oklahoma City, OK"
"Knoxville, TN","Orlando, FL"
"Fort Myers, FL","Omaha, NE"
